REWARD_ID,HERO_BONUS_LEVEL,TOTAL_HERO_BONUS_POINT,REWARD_LEVEL,BATTLE_POINT,VIP,REWARD_TERM,TICKET,PICK_ID,ICON
10101,1,0,1,0,0,1,5,310101,chest_multi_reward_shield
10102,1,0,1,0,0,0,5,310102,chest_multi_reward_1
10103,1,0,1,0,1,0,5,310103,gold
10104,1,0,1,0,3,0,5,310104,gearup_kit_02
10105,1,0,1,0,5,0,5,310105,ISO8_PINK
10106,1,0,1,0,7,0,5,310106,gearup_kit_01
10107,1,0,1,0,9,0,5,310107,icon_multi_reward_nornstone
10108,1,0,1,0,12,0,5,310108,ISO8_PINK
10109,1,0,1,0,15,0,5,310109,icon_multi_reward_biometrics
10110,1,0,1,0,17,0,5,310110,icon_multi_reward_uru
10111,1,0,1,0,20,0,5,310111,chest_multi_reward_1
10201,1,0,2,500000,0,1,5,310201,chest_multi_reward_shield
10202,1,0,2,500000,0,0,5,310202,chest_multi_reward_1
10203,1,0,2,500000,1,0,5,310203,gold
10204,1,0,2,500000,3,0,5,310204,gearup_kit_02
10205,1,0,2,500000,5,0,5,310205,ISO8_PINK
10206,1,0,2,500000,7,0,5,310206,gearup_kit_01
10207,1,0,2,500000,9,0,5,310207,icon_multi_reward_nornstone
10208,1,0,2,500000,12,0,5,310208,ISO8_PINK
10209,1,0,2,500000,15,0,5,310209,icon_multi_reward_biometrics
10210,1,0,2,500000,17,0,5,310210,icon_multi_reward_uru
10211,1,0,2,500000,20,0,5,310211,chest_multi_reward_1
10301,1,0,3,1500000,0,1,5,310301,chest_multi_reward_shield
10302,1,0,3,1500000,0,0,5,310302,chest_multi_reward_1
10303,1,0,3,1500000,1,0,5,310303,gold
10304,1,0,3,1500000,3,0,5,310304,gearup_kit_02
10305,1,0,3,1500000,5,0,5,310305,ISO8_PINK
10306,1,0,3,1500000,7,0,5,310306,gearup_kit_01
10307,1,0,3,1500000,9,0,5,310307,icon_multi_reward_nornstone
10308,1,0,3,1500000,12,0,5,310308,ISO8_PINK
10309,1,0,3,1500000,15,0,5,310309,icon_multi_reward_biometrics
10310,1,0,3,1500000,17,0,5,310310,icon_multi_reward_uru
10311,1,0,3,1500000,20,0,5,310311,chest_multi_reward_1
10401,1,0,4,3200000,0,1,5,310401,chest_multi_reward_shield
10402,1,0,4,3200000,0,0,5,310402,chest_multi_reward_2
10403,1,0,4,3200000,1,0,5,310403,gold
10404,1,0,4,3200000,3,0,5,310404,gearup_kit_02
10405,1,0,4,3200000,5,0,5,310405,ISO8_PINK
10406,1,0,4,3200000,7,0,5,310406,gearup_kit_01
10407,1,0,4,3200000,9,0,5,310407,icon_multi_reward_nornstone
10408,1,0,4,3200000,12,0,5,310408,ISO8_PINK
10409,1,0,4,3200000,15,0,5,310409,icon_multi_reward_biometrics
10410,1,0,4,3200000,17,0,5,310410,icon_multi_reward_uru
10411,1,0,4,3200000,20,0,5,310411,chest_multi_reward_2
10501,1,0,5,5600000,0,1,5,310501,chest_multi_reward_shield
10502,1,0,5,5600000,0,0,5,310502,chest_multi_reward_3
10503,1,0,5,5600000,1,0,5,310503,gold
10504,1,0,5,5600000,3,0,5,310504,gearup_kit_02
10505,1,0,5,5600000,5,0,5,310505,ISO8_PINK
10506,1,0,5,5600000,7,0,5,310506,gearup_kit_01
10507,1,0,5,5600000,9,0,5,310507,icon_multi_reward_nornstone
10508,1,0,5,5600000,12,0,5,310508,ISO8_PINK
10509,1,0,5,5600000,15,0,5,310509,icon_multi_reward_biometrics
10510,1,0,5,5600000,17,0,5,310510,icon_multi_reward_uru
10511,1,0,5,5600000,20,0,5,310511,chest_multi_reward_3
10601,1,0,6,8800000,0,1,5,310601,chest_multi_reward_shield
10602,1,0,6,8800000,0,0,5,310602,chest_multi_reward_4
10603,1,0,6,8800000,1,0,5,310603,gold
10604,1,0,6,8800000,3,0,5,310604,gearup_kit_02
10605,1,0,6,8800000,5,0,5,310605,ISO8_PINK
10606,1,0,6,8800000,7,0,5,310606,gearup_kit_01
10607,1,0,6,8800000,9,0,5,310607,icon_multi_reward_nornstone
10608,1,0,6,8800000,12,0,5,310608,ISO8_PINK
10609,1,0,6,8800000,15,0,5,310609,icon_multi_reward_biometrics
10610,1,0,6,8800000,17,0,5,310610,icon_multi_reward_uru
10611,1,0,6,8800000,20,0,5,310611,chest_multi_reward_4
10701,1,0,7,13300000,0,1,5,310701,chest_multi_reward_shield
10702,1,0,7,13300000,0,0,5,310702,chest_multi_reward_5
10703,1,0,7,13300000,1,0,5,310703,gold
10704,1,0,7,13300000,3,0,5,310704,gearup_kit_02
10705,1,0,7,13300000,5,0,5,310705,ISO8_PINK
10706,1,0,7,13300000,7,0,5,310706,gearup_kit_01
10707,1,0,7,13300000,9,0,5,310707,icon_multi_reward_nornstone
10708,1,0,7,13300000,12,0,5,310708,ISO8_PINK
10709,1,0,7,13300000,15,0,5,310709,icon_multi_reward_biometrics
10710,1,0,7,13300000,17,0,5,310710,icon_multi_reward_uru
10711,1,0,7,13300000,20,0,5,310711,chest_multi_reward_5
10801,1,0,8,20300000,0,1,5,310801,chest_multi_reward_shield
10802,1,0,8,20300000,0,0,5,310802,chest_multi_reward_6
10803,1,0,8,20300000,1,0,5,310803,gold
10804,1,0,8,20300000,3,0,5,310804,gearup_kit_02
10805,1,0,8,20300000,5,0,5,310805,ISO8_PINK
10806,1,0,8,20300000,7,0,5,310806,gearup_kit_01
10807,1,0,8,20300000,9,0,5,310807,icon_multi_reward_nornstone
10808,1,0,8,20300000,12,0,5,310808,ISO8_PINK
10809,1,0,8,20300000,15,0,5,310809,icon_multi_reward_biometrics
10810,1,0,8,20300000,17,0,5,310810,icon_multi_reward_uru
10811,1,0,8,20300000,20,0,5,310811,chest_multi_reward_6
20101,2,500,1,0,0,1,5,320101,chest_multi_reward_shield
20102,2,500,1,0,0,0,5,320102,chest_multi_reward_1
20103,2,500,1,0,1,0,5,320103,gold
20104,2,500,1,0,3,0,5,320104,gearup_kit_02
20105,2,500,1,0,5,0,5,320105,ISO8_PINK
20106,2,500,1,0,7,0,5,320106,gearup_kit_01
20107,2,500,1,0,9,0,5,320107,icon_multi_reward_nornstone
20108,2,500,1,0,12,0,5,320108,ISO8_PINK
20109,2,500,1,0,15,0,5,320109,icon_multi_reward_biometrics
20110,2,500,1,0,17,0,5,320110,icon_multi_reward_uru
20111,2,500,1,0,20,0,5,320111,chest_multi_reward_1
20201,2,500,2,500000,0,1,5,320201,chest_multi_reward_shield
20202,2,500,2,500000,0,0,5,320202,chest_multi_reward_1
20203,2,500,2,500000,1,0,5,320203,gold
20204,2,500,2,500000,3,0,5,320204,gearup_kit_02
20205,2,500,2,500000,5,0,5,320205,ISO8_PINK
20206,2,500,2,500000,7,0,5,320206,gearup_kit_01
20207,2,500,2,500000,9,0,5,320207,icon_multi_reward_nornstone
20208,2,500,2,500000,12,0,5,320208,ISO8_PINK
20209,2,500,2,500000,15,0,5,320209,icon_multi_reward_biometrics
20210,2,500,2,500000,17,0,5,320210,icon_multi_reward_uru
20211,2,500,2,500000,20,0,5,320211,chest_multi_reward_1
20301,2,500,3,1500000,0,1,5,320301,chest_multi_reward_shield
20302,2,500,3,1500000,0,0,5,320302,chest_multi_reward_1
20303,2,500,3,1500000,1,0,5,320303,gold
20304,2,500,3,1500000,3,0,5,320304,gearup_kit_02
20305,2,500,3,1500000,5,0,5,320305,ISO8_PINK
20306,2,500,3,1500000,7,0,5,320306,gearup_kit_01
20307,2,500,3,1500000,9,0,5,320307,icon_multi_reward_nornstone
20308,2,500,3,1500000,12,0,5,320308,ISO8_PINK
20309,2,500,3,1500000,15,0,5,320309,icon_multi_reward_biometrics
20310,2,500,3,1500000,17,0,5,320310,icon_multi_reward_uru
20311,2,500,3,1500000,20,0,5,320311,chest_multi_reward_1
20401,2,500,4,3200000,0,1,5,320401,chest_multi_reward_shield
20402,2,500,4,3200000,0,0,5,320402,chest_multi_reward_2
20403,2,500,4,3200000,1,0,5,320403,gold
20404,2,500,4,3200000,3,0,5,320404,gearup_kit_02
20405,2,500,4,3200000,5,0,5,320405,ISO8_PINK
20406,2,500,4,3200000,7,0,5,320406,gearup_kit_01
20407,2,500,4,3200000,9,0,5,320407,icon_multi_reward_nornstone
20408,2,500,4,3200000,12,0,5,320408,ISO8_PINK
20409,2,500,4,3200000,15,0,5,320409,icon_multi_reward_biometrics
20410,2,500,4,3200000,17,0,5,320410,icon_multi_reward_uru
20411,2,500,4,3200000,20,0,5,320411,chest_multi_reward_2
20501,2,500,5,5600000,0,1,5,320501,chest_multi_reward_shield
20502,2,500,5,5600000,0,0,5,320502,chest_multi_reward_3
20503,2,500,5,5600000,1,0,5,320503,gold
20504,2,500,5,5600000,3,0,5,320504,gearup_kit_02
20505,2,500,5,5600000,5,0,5,320505,ISO8_PINK
20506,2,500,5,5600000,7,0,5,320506,gearup_kit_01
20507,2,500,5,5600000,9,0,5,320507,icon_multi_reward_nornstone
20508,2,500,5,5600000,12,0,5,320508,ISO8_PINK
20509,2,500,5,5600000,15,0,5,320509,icon_multi_reward_biometrics
20510,2,500,5,5600000,17,0,5,320510,icon_multi_reward_uru
20511,2,500,5,5600000,20,0,5,320511,chest_multi_reward_3
20601,2,500,6,8800000,0,1,5,320601,chest_multi_reward_shield
20602,2,500,6,8800000,0,0,5,320602,chest_multi_reward_4
20603,2,500,6,8800000,1,0,5,320603,gold
20604,2,500,6,8800000,3,0,5,320604,gearup_kit_02
20605,2,500,6,8800000,5,0,5,320605,ISO8_PINK
20606,2,500,6,8800000,7,0,5,320606,gearup_kit_01
20607,2,500,6,8800000,9,0,5,320607,icon_multi_reward_nornstone
20608,2,500,6,8800000,12,0,5,320608,ISO8_PINK
20609,2,500,6,8800000,15,0,5,320609,icon_multi_reward_biometrics
20610,2,500,6,8800000,17,0,5,320610,icon_multi_reward_uru
20611,2,500,6,8800000,20,0,5,320611,chest_multi_reward_4
20701,2,500,7,13300000,0,1,5,320701,chest_multi_reward_shield
20702,2,500,7,13300000,0,0,5,320702,chest_multi_reward_5
20703,2,500,7,13300000,1,0,5,320703,gold
20704,2,500,7,13300000,3,0,5,320704,gearup_kit_02
20705,2,500,7,13300000,5,0,5,320705,ISO8_PINK
20706,2,500,7,13300000,7,0,5,320706,gearup_kit_01
20707,2,500,7,13300000,9,0,5,320707,icon_multi_reward_nornstone
20708,2,500,7,13300000,12,0,5,320708,ISO8_PINK
20709,2,500,7,13300000,15,0,5,320709,icon_multi_reward_biometrics
20710,2,500,7,13300000,17,0,5,320710,icon_multi_reward_uru
20711,2,500,7,13300000,20,0,5,320711,chest_multi_reward_5
20801,2,500,8,20300000,0,1,5,320801,chest_multi_reward_shield
20802,2,500,8,20300000,0,0,5,320802,chest_multi_reward_6
20803,2,500,8,20300000,1,0,5,320803,gold
20804,2,500,8,20300000,3,0,5,320804,gearup_kit_02
20805,2,500,8,20300000,5,0,5,320805,ISO8_PINK
20806,2,500,8,20300000,7,0,5,320806,gearup_kit_01
20807,2,500,8,20300000,9,0,5,320807,icon_multi_reward_nornstone
20808,2,500,8,20300000,12,0,5,320808,ISO8_PINK
20809,2,500,8,20300000,15,0,5,320809,icon_multi_reward_biometrics
20810,2,500,8,20300000,17,0,5,320810,icon_multi_reward_uru
20811,2,500,8,20300000,20,0,5,320811,chest_multi_reward_6
30101,3,1000,1,0,0,1,5,330101,chest_multi_reward_shield
30102,3,1000,1,0,0,0,5,330102,chest_multi_reward_1
30103,3,1000,1,0,1,0,5,330103,gold
30104,3,1000,1,0,3,0,5,330104,gearup_kit_02
30105,3,1000,1,0,5,0,5,330105,ISO8_PINK
30106,3,1000,1,0,7,0,5,330106,gearup_kit_01
30107,3,1000,1,0,9,0,5,330107,icon_multi_reward_nornstone
30108,3,1000,1,0,12,0,5,330108,ISO8_PINK
30109,3,1000,1,0,15,0,5,330109,icon_multi_reward_biometrics
30110,3,1000,1,0,17,0,5,330110,icon_multi_reward_uru
30111,3,1000,1,0,20,0,5,330111,chest_multi_reward_1
30201,3,1000,2,500000,0,1,5,330201,chest_multi_reward_shield
30202,3,1000,2,500000,0,0,5,330202,chest_multi_reward_1
30203,3,1000,2,500000,1,0,5,330203,gold
30204,3,1000,2,500000,3,0,5,330204,gearup_kit_02
30205,3,1000,2,500000,5,0,5,330205,ISO8_PINK
30206,3,1000,2,500000,7,0,5,330206,gearup_kit_01
30207,3,1000,2,500000,9,0,5,330207,icon_multi_reward_nornstone
30208,3,1000,2,500000,12,0,5,330208,ISO8_PINK
30209,3,1000,2,500000,15,0,5,330209,icon_multi_reward_biometrics
30210,3,1000,2,500000,17,0,5,330210,icon_multi_reward_uru
30211,3,1000,2,500000,20,0,5,330211,chest_multi_reward_1
30301,3,1000,3,1500000,0,1,5,330301,chest_multi_reward_shield
30302,3,1000,3,1500000,0,0,5,330302,chest_multi_reward_1
30303,3,1000,3,1500000,1,0,5,330303,gold
30304,3,1000,3,1500000,3,0,5,330304,gearup_kit_02
30305,3,1000,3,1500000,5,0,5,330305,ISO8_PINK
30306,3,1000,3,1500000,7,0,5,330306,gearup_kit_01
30307,3,1000,3,1500000,9,0,5,330307,icon_multi_reward_nornstone
30308,3,1000,3,1500000,12,0,5,330308,ISO8_PINK
30309,3,1000,3,1500000,15,0,5,330309,icon_multi_reward_biometrics
30310,3,1000,3,1500000,17,0,5,330310,icon_multi_reward_uru
30311,3,1000,3,1500000,20,0,5,330311,chest_multi_reward_1
30401,3,1000,4,3200000,0,1,5,330401,chest_multi_reward_shield
30402,3,1000,4,3200000,0,0,5,330402,chest_multi_reward_2
30403,3,1000,4,3200000,1,0,5,330403,gold
30404,3,1000,4,3200000,3,0,5,330404,gearup_kit_02
30405,3,1000,4,3200000,5,0,5,330405,ISO8_PINK
30406,3,1000,4,3200000,7,0,5,330406,gearup_kit_01
30407,3,1000,4,3200000,9,0,5,330407,icon_multi_reward_nornstone
30408,3,1000,4,3200000,12,0,5,330408,ISO8_PINK
30409,3,1000,4,3200000,15,0,5,330409,icon_multi_reward_biometrics
30410,3,1000,4,3200000,17,0,5,330410,icon_multi_reward_uru
30411,3,1000,4,3200000,20,0,5,330411,chest_multi_reward_2
30501,3,1000,5,5600000,0,1,5,330501,chest_multi_reward_shield
30502,3,1000,5,5600000,0,0,5,330502,chest_multi_reward_3
30503,3,1000,5,5600000,1,0,5,330503,gold
30504,3,1000,5,5600000,3,0,5,330504,gearup_kit_02
30505,3,1000,5,5600000,5,0,5,330505,ISO8_PINK
30506,3,1000,5,5600000,7,0,5,330506,gearup_kit_01
30507,3,1000,5,5600000,9,0,5,330507,icon_multi_reward_nornstone
30508,3,1000,5,5600000,12,0,5,330508,ISO8_PINK
30509,3,1000,5,5600000,15,0,5,330509,icon_multi_reward_biometrics
30510,3,1000,5,5600000,17,0,5,330510,icon_multi_reward_uru
30511,3,1000,5,5600000,20,0,5,330511,chest_multi_reward_3
30601,3,1000,6,8800000,0,1,5,330601,chest_multi_reward_shield
30602,3,1000,6,8800000,0,0,5,330602,chest_multi_reward_4
30603,3,1000,6,8800000,1,0,5,330603,gold
30604,3,1000,6,8800000,3,0,5,330604,gearup_kit_02
30605,3,1000,6,8800000,5,0,5,330605,ISO8_PINK
30606,3,1000,6,8800000,7,0,5,330606,gearup_kit_01
30607,3,1000,6,8800000,9,0,5,330607,icon_multi_reward_nornstone
30608,3,1000,6,8800000,12,0,5,330608,ISO8_PINK
30609,3,1000,6,8800000,15,0,5,330609,icon_multi_reward_biometrics
30610,3,1000,6,8800000,17,0,5,330610,icon_multi_reward_uru
30611,3,1000,6,8800000,20,0,5,330611,chest_multi_reward_4
30701,3,1000,7,13300000,0,1,5,330701,chest_multi_reward_shield
30702,3,1000,7,13300000,0,0,5,330702,chest_multi_reward_5
30703,3,1000,7,13300000,1,0,5,330703,gold
30704,3,1000,7,13300000,3,0,5,330704,gearup_kit_02
30705,3,1000,7,13300000,5,0,5,330705,ISO8_PINK
30706,3,1000,7,13300000,7,0,5,330706,gearup_kit_01
30707,3,1000,7,13300000,9,0,5,330707,icon_multi_reward_nornstone
30708,3,1000,7,13300000,12,0,5,330708,ISO8_PINK
30709,3,1000,7,13300000,15,0,5,330709,icon_multi_reward_biometrics
30710,3,1000,7,13300000,17,0,5,330710,icon_multi_reward_uru
30711,3,1000,7,13300000,20,0,5,330711,chest_multi_reward_5
30801,3,1000,8,20300000,0,1,5,330801,chest_multi_reward_shield
30802,3,1000,8,20300000,0,0,5,330802,chest_multi_reward_6
30803,3,1000,8,20300000,1,0,5,330803,gold
30804,3,1000,8,20300000,3,0,5,330804,gearup_kit_02
30805,3,1000,8,20300000,5,0,5,330805,ISO8_PINK
30806,3,1000,8,20300000,7,0,5,330806,gearup_kit_01
30807,3,1000,8,20300000,9,0,5,330807,icon_multi_reward_nornstone
30808,3,1000,8,20300000,12,0,5,330808,ISO8_PINK
30809,3,1000,8,20300000,15,0,5,330809,icon_multi_reward_biometrics
30810,3,1000,8,20300000,17,0,5,330810,icon_multi_reward_uru
30811,3,1000,8,20300000,20,0,5,330811,chest_multi_reward_6
40101,4,1500,1,0,0,1,5,340101,chest_multi_reward_shield
40102,4,1500,1,0,0,0,5,340102,chest_multi_reward_1
40103,4,1500,1,0,1,0,5,340103,gold
40104,4,1500,1,0,3,0,5,340104,gearup_kit_02
40105,4,1500,1,0,5,0,5,340105,ISO8_PINK
40106,4,1500,1,0,7,0,5,340106,gearup_kit_01
40107,4,1500,1,0,9,0,5,340107,icon_multi_reward_nornstone
40108,4,1500,1,0,12,0,5,340108,ISO8_PINK
40109,4,1500,1,0,15,0,5,340109,icon_multi_reward_biometrics
40110,4,1500,1,0,17,0,5,340110,icon_multi_reward_uru
40111,4,1500,1,0,20,0,5,340111,chest_multi_reward_1
40201,4,1500,2,500000,0,1,5,340201,chest_multi_reward_shield
40202,4,1500,2,500000,0,0,5,340202,chest_multi_reward_1
40203,4,1500,2,500000,1,0,5,340203,gold
40204,4,1500,2,500000,3,0,5,340204,gearup_kit_02
40205,4,1500,2,500000,5,0,5,340205,ISO8_PINK
40206,4,1500,2,500000,7,0,5,340206,gearup_kit_01
40207,4,1500,2,500000,9,0,5,340207,icon_multi_reward_nornstone
40208,4,1500,2,500000,12,0,5,340208,ISO8_PINK
40209,4,1500,2,500000,15,0,5,340209,icon_multi_reward_biometrics
40210,4,1500,2,500000,17,0,5,340210,icon_multi_reward_uru
40211,4,1500,2,500000,20,0,5,340211,chest_multi_reward_1
40301,4,1500,3,1500000,0,1,5,340301,chest_multi_reward_shield
40302,4,1500,3,1500000,0,0,5,340302,chest_multi_reward_1
40303,4,1500,3,1500000,1,0,5,340303,gold
40304,4,1500,3,1500000,3,0,5,340304,gearup_kit_02
40305,4,1500,3,1500000,5,0,5,340305,ISO8_PINK
40306,4,1500,3,1500000,7,0,5,340306,gearup_kit_01
40307,4,1500,3,1500000,9,0,5,340307,icon_multi_reward_nornstone
40308,4,1500,3,1500000,12,0,5,340308,ISO8_PINK
40309,4,1500,3,1500000,15,0,5,340309,icon_multi_reward_biometrics
40310,4,1500,3,1500000,17,0,5,340310,icon_multi_reward_uru
40311,4,1500,3,1500000,20,0,5,340311,chest_multi_reward_1
40401,4,1500,4,3200000,0,1,5,340401,chest_multi_reward_shield
40402,4,1500,4,3200000,0,0,5,340402,chest_multi_reward_2
40403,4,1500,4,3200000,1,0,5,340403,gold
40404,4,1500,4,3200000,3,0,5,340404,gearup_kit_02
40405,4,1500,4,3200000,5,0,5,340405,ISO8_PINK
40406,4,1500,4,3200000,7,0,5,340406,gearup_kit_01
40407,4,1500,4,3200000,9,0,5,340407,icon_multi_reward_nornstone
40408,4,1500,4,3200000,12,0,5,340408,ISO8_PINK
40409,4,1500,4,3200000,15,0,5,340409,icon_multi_reward_biometrics
40410,4,1500,4,3200000,17,0,5,340410,icon_multi_reward_uru
40411,4,1500,4,3200000,20,0,5,340411,chest_multi_reward_2
40501,4,1500,5,5600000,0,1,5,340501,chest_multi_reward_shield
40502,4,1500,5,5600000,0,0,5,340502,chest_multi_reward_3
40503,4,1500,5,5600000,1,0,5,340503,gold
40504,4,1500,5,5600000,3,0,5,340504,gearup_kit_02
40505,4,1500,5,5600000,5,0,5,340505,ISO8_PINK
40506,4,1500,5,5600000,7,0,5,340506,gearup_kit_01
40507,4,1500,5,5600000,9,0,5,340507,icon_multi_reward_nornstone
40508,4,1500,5,5600000,12,0,5,340508,ISO8_PINK
40509,4,1500,5,5600000,15,0,5,340509,icon_multi_reward_biometrics
40510,4,1500,5,5600000,17,0,5,340510,icon_multi_reward_uru
40511,4,1500,5,5600000,20,0,5,340511,chest_multi_reward_3
40601,4,1500,6,8800000,0,1,5,340601,chest_multi_reward_shield
40602,4,1500,6,8800000,0,0,5,340602,chest_multi_reward_4
40603,4,1500,6,8800000,1,0,5,340603,gold
40604,4,1500,6,8800000,3,0,5,340604,gearup_kit_02
40605,4,1500,6,8800000,5,0,5,340605,ISO8_PINK
40606,4,1500,6,8800000,7,0,5,340606,gearup_kit_01
40607,4,1500,6,8800000,9,0,5,340607,icon_multi_reward_nornstone
40608,4,1500,6,8800000,12,0,5,340608,ISO8_PINK
40609,4,1500,6,8800000,15,0,5,340609,icon_multi_reward_biometrics
40610,4,1500,6,8800000,17,0,5,340610,icon_multi_reward_uru
40611,4,1500,6,8800000,20,0,5,340611,chest_multi_reward_4
40701,4,1500,7,13300000,0,1,5,340701,chest_multi_reward_shield
40702,4,1500,7,13300000,0,0,5,340702,chest_multi_reward_5
40703,4,1500,7,13300000,1,0,5,340703,gold
40704,4,1500,7,13300000,3,0,5,340704,gearup_kit_02
40705,4,1500,7,13300000,5,0,5,340705,ISO8_PINK
40706,4,1500,7,13300000,7,0,5,340706,gearup_kit_01
40707,4,1500,7,13300000,9,0,5,340707,icon_multi_reward_nornstone
40708,4,1500,7,13300000,12,0,5,340708,ISO8_PINK
40709,4,1500,7,13300000,15,0,5,340709,icon_multi_reward_biometrics
40710,4,1500,7,13300000,17,0,5,340710,icon_multi_reward_uru
40711,4,1500,7,13300000,20,0,5,340711,chest_multi_reward_5
40801,4,1500,8,20300000,0,1,5,340801,chest_multi_reward_shield
40802,4,1500,8,20300000,0,0,5,340802,chest_multi_reward_6
40803,4,1500,8,20300000,1,0,5,340803,gold
40804,4,1500,8,20300000,3,0,5,340804,gearup_kit_02
40805,4,1500,8,20300000,5,0,5,340805,ISO8_PINK
40806,4,1500,8,20300000,7,0,5,340806,gearup_kit_01
40807,4,1500,8,20300000,9,0,5,340807,icon_multi_reward_nornstone
40808,4,1500,8,20300000,12,0,5,340808,ISO8_PINK
40809,4,1500,8,20300000,15,0,5,340809,icon_multi_reward_biometrics
40810,4,1500,8,20300000,17,0,5,340810,icon_multi_reward_uru
40811,4,1500,8,20300000,20,0,5,340811,chest_multi_reward_6
50101,5,2000,1,0,0,1,5,350101,chest_multi_reward_shield
50102,5,2000,1,0,0,0,5,350102,chest_multi_reward_1
50103,5,2000,1,0,1,0,5,350103,gold
50104,5,2000,1,0,3,0,5,350104,gearup_kit_02
50105,5,2000,1,0,5,0,5,350105,ISO8_PINK
50106,5,2000,1,0,7,0,5,350106,gearup_kit_01
50107,5,2000,1,0,9,0,5,350107,icon_multi_reward_nornstone
50108,5,2000,1,0,12,0,5,350108,ISO8_PINK
50109,5,2000,1,0,15,0,5,350109,icon_multi_reward_biometrics
50110,5,2000,1,0,17,0,5,350110,icon_multi_reward_uru
50111,5,2000,1,0,20,0,5,350111,chest_multi_reward_1
50201,5,2000,2,500000,0,1,5,350201,chest_multi_reward_shield
50202,5,2000,2,500000,0,0,5,350202,chest_multi_reward_1
50203,5,2000,2,500000,1,0,5,350203,gold
50204,5,2000,2,500000,3,0,5,350204,gearup_kit_02
50205,5,2000,2,500000,5,0,5,350205,ISO8_PINK
50206,5,2000,2,500000,7,0,5,350206,gearup_kit_01
50207,5,2000,2,500000,9,0,5,350207,icon_multi_reward_nornstone
50208,5,2000,2,500000,12,0,5,350208,ISO8_PINK
50209,5,2000,2,500000,15,0,5,350209,icon_multi_reward_biometrics
50210,5,2000,2,500000,17,0,5,350210,icon_multi_reward_uru
50211,5,2000,2,500000,20,0,5,350211,chest_multi_reward_1
50301,5,2000,3,1500000,0,1,5,350301,chest_multi_reward_shield
50302,5,2000,3,1500000,0,0,5,350302,chest_multi_reward_1
50303,5,2000,3,1500000,1,0,5,350303,gold
50304,5,2000,3,1500000,3,0,5,350304,gearup_kit_02
50305,5,2000,3,1500000,5,0,5,350305,ISO8_PINK
50306,5,2000,3,1500000,7,0,5,350306,gearup_kit_01
50307,5,2000,3,1500000,9,0,5,350307,icon_multi_reward_nornstone
50308,5,2000,3,1500000,12,0,5,350308,ISO8_PINK
50309,5,2000,3,1500000,15,0,5,350309,icon_multi_reward_biometrics
50310,5,2000,3,1500000,17,0,5,350310,icon_multi_reward_uru
50311,5,2000,3,1500000,20,0,5,350311,chest_multi_reward_1
50401,5,2000,4,3200000,0,1,5,350401,chest_multi_reward_shield
50402,5,2000,4,3200000,0,0,5,350402,chest_multi_reward_2
50403,5,2000,4,3200000,1,0,5,350403,gold
50404,5,2000,4,3200000,3,0,5,350404,gearup_kit_02
50405,5,2000,4,3200000,5,0,5,350405,ISO8_PINK
50406,5,2000,4,3200000,7,0,5,350406,gearup_kit_01
50407,5,2000,4,3200000,9,0,5,350407,icon_multi_reward_nornstone
50408,5,2000,4,3200000,12,0,5,350408,ISO8_PINK
50409,5,2000,4,3200000,15,0,5,350409,icon_multi_reward_biometrics
50410,5,2000,4,3200000,17,0,5,350410,icon_multi_reward_uru
50411,5,2000,4,3200000,20,0,5,350411,chest_multi_reward_2
50501,5,2000,5,5600000,0,1,5,350501,chest_multi_reward_shield
50502,5,2000,5,5600000,0,0,5,350502,chest_multi_reward_3
50503,5,2000,5,5600000,1,0,5,350503,gold
50504,5,2000,5,5600000,3,0,5,350504,gearup_kit_02
50505,5,2000,5,5600000,5,0,5,350505,ISO8_PINK
50506,5,2000,5,5600000,7,0,5,350506,gearup_kit_01
50507,5,2000,5,5600000,9,0,5,350507,icon_multi_reward_nornstone
50508,5,2000,5,5600000,12,0,5,350508,ISO8_PINK
50509,5,2000,5,5600000,15,0,5,350509,icon_multi_reward_biometrics
50510,5,2000,5,5600000,17,0,5,350510,icon_multi_reward_uru
50511,5,2000,5,5600000,20,0,5,350511,chest_multi_reward_3
50601,5,2000,6,8800000,0,1,5,350601,chest_multi_reward_shield
50602,5,2000,6,8800000,0,0,5,350602,chest_multi_reward_4
50603,5,2000,6,8800000,1,0,5,350603,gold
50604,5,2000,6,8800000,3,0,5,350604,gearup_kit_02
50605,5,2000,6,8800000,5,0,5,350605,ISO8_PINK
50606,5,2000,6,8800000,7,0,5,350606,gearup_kit_01
50607,5,2000,6,8800000,9,0,5,350607,icon_multi_reward_nornstone
50608,5,2000,6,8800000,12,0,5,350608,ISO8_PINK
50609,5,2000,6,8800000,15,0,5,350609,icon_multi_reward_biometrics
50610,5,2000,6,8800000,17,0,5,350610,icon_multi_reward_uru
50611,5,2000,6,8800000,20,0,5,350611,chest_multi_reward_4
50701,5,2000,7,13300000,0,1,5,350701,chest_multi_reward_shield
50702,5,2000,7,13300000,0,0,5,350702,chest_multi_reward_5
50703,5,2000,7,13300000,1,0,5,350703,gold
50704,5,2000,7,13300000,3,0,5,350704,gearup_kit_02
50705,5,2000,7,13300000,5,0,5,350705,ISO8_PINK
50706,5,2000,7,13300000,7,0,5,350706,gearup_kit_01
50707,5,2000,7,13300000,9,0,5,350707,icon_multi_reward_nornstone
50708,5,2000,7,13300000,12,0,5,350708,ISO8_PINK
50709,5,2000,7,13300000,15,0,5,350709,icon_multi_reward_biometrics
50710,5,2000,7,13300000,17,0,5,350710,icon_multi_reward_uru
50711,5,2000,7,13300000,20,0,5,350711,chest_multi_reward_5
50801,5,2000,8,20300000,0,1,5,350801,chest_multi_reward_shield
50802,5,2000,8,20300000,0,0,5,350802,chest_multi_reward_6
50803,5,2000,8,20300000,1,0,5,350803,gold
50804,5,2000,8,20300000,3,0,5,350804,gearup_kit_02
50805,5,2000,8,20300000,5,0,5,350805,ISO8_PINK
50806,5,2000,8,20300000,7,0,5,350806,gearup_kit_01
50807,5,2000,8,20300000,9,0,5,350807,icon_multi_reward_nornstone
50808,5,2000,8,20300000,12,0,5,350808,ISO8_PINK
50809,5,2000,8,20300000,15,0,5,350809,icon_multi_reward_biometrics
50810,5,2000,8,20300000,17,0,5,350810,icon_multi_reward_uru
50811,5,2000,8,20300000,20,0,5,350811,chest_multi_reward_6
60101,6,2500,1,0,0,1,5,360101,chest_multi_reward_shield
60102,6,2500,1,0,0,0,5,360102,chest_multi_reward_1
60103,6,2500,1,0,1,0,5,360103,gold
60104,6,2500,1,0,3,0,5,360104,gearup_kit_02
60105,6,2500,1,0,5,0,5,360105,ISO8_PINK
60106,6,2500,1,0,7,0,5,360106,gearup_kit_01
60107,6,2500,1,0,9,0,5,360107,icon_multi_reward_nornstone
60108,6,2500,1,0,12,0,5,360108,ISO8_PINK
60109,6,2500,1,0,15,0,5,360109,icon_multi_reward_biometrics
60110,6,2500,1,0,17,0,5,360110,icon_multi_reward_uru
60111,6,2500,1,0,20,0,5,360111,chest_multi_reward_1
60201,6,2500,2,500000,0,1,5,360201,chest_multi_reward_shield
60202,6,2500,2,500000,0,0,5,360202,chest_multi_reward_1
60203,6,2500,2,500000,1,0,5,360203,gold
60204,6,2500,2,500000,3,0,5,360204,gearup_kit_02
60205,6,2500,2,500000,5,0,5,360205,ISO8_PINK
60206,6,2500,2,500000,7,0,5,360206,gearup_kit_01
60207,6,2500,2,500000,9,0,5,360207,icon_multi_reward_nornstone
60208,6,2500,2,500000,12,0,5,360208,ISO8_PINK
60209,6,2500,2,500000,15,0,5,360209,icon_multi_reward_biometrics
60210,6,2500,2,500000,17,0,5,360210,icon_multi_reward_uru
60211,6,2500,2,500000,20,0,5,360211,chest_multi_reward_1
60301,6,2500,3,1500000,0,1,5,360301,chest_multi_reward_shield
60302,6,2500,3,1500000,0,0,5,360302,chest_multi_reward_1
60303,6,2500,3,1500000,1,0,5,360303,gold
60304,6,2500,3,1500000,3,0,5,360304,gearup_kit_02
60305,6,2500,3,1500000,5,0,5,360305,ISO8_PINK
60306,6,2500,3,1500000,7,0,5,360306,gearup_kit_01
60307,6,2500,3,1500000,9,0,5,360307,icon_multi_reward_nornstone
60308,6,2500,3,1500000,12,0,5,360308,ISO8_PINK
60309,6,2500,3,1500000,15,0,5,360309,icon_multi_reward_biometrics
60310,6,2500,3,1500000,17,0,5,360310,icon_multi_reward_uru
60311,6,2500,3,1500000,20,0,5,360311,chest_multi_reward_1
60401,6,2500,4,3200000,0,1,5,360401,chest_multi_reward_shield
60402,6,2500,4,3200000,0,0,5,360402,chest_multi_reward_2
60403,6,2500,4,3200000,1,0,5,360403,gold
60404,6,2500,4,3200000,3,0,5,360404,gearup_kit_02
60405,6,2500,4,3200000,5,0,5,360405,ISO8_PINK
60406,6,2500,4,3200000,7,0,5,360406,gearup_kit_01
60407,6,2500,4,3200000,9,0,5,360407,icon_multi_reward_nornstone
60408,6,2500,4,3200000,12,0,5,360408,ISO8_PINK
60409,6,2500,4,3200000,15,0,5,360409,icon_multi_reward_biometrics
60410,6,2500,4,3200000,17,0,5,360410,icon_multi_reward_uru
60411,6,2500,4,3200000,20,0,5,360411,chest_multi_reward_2
60501,6,2500,5,5600000,0,1,5,360501,chest_multi_reward_shield
60502,6,2500,5,5600000,0,0,5,360502,chest_multi_reward_3
60503,6,2500,5,5600000,1,0,5,360503,gold
60504,6,2500,5,5600000,3,0,5,360504,gearup_kit_02
60505,6,2500,5,5600000,5,0,5,360505,ISO8_PINK
60506,6,2500,5,5600000,7,0,5,360506,gearup_kit_01
60507,6,2500,5,5600000,9,0,5,360507,icon_multi_reward_nornstone
60508,6,2500,5,5600000,12,0,5,360508,ISO8_PINK
60509,6,2500,5,5600000,15,0,5,360509,icon_multi_reward_biometrics
60510,6,2500,5,5600000,17,0,5,360510,icon_multi_reward_uru
60511,6,2500,5,5600000,20,0,5,360511,chest_multi_reward_3
60601,6,2500,6,8800000,0,1,5,360601,chest_multi_reward_shield
60602,6,2500,6,8800000,0,0,5,360602,chest_multi_reward_4
60603,6,2500,6,8800000,1,0,5,360603,gold
60604,6,2500,6,8800000,3,0,5,360604,gearup_kit_02
60605,6,2500,6,8800000,5,0,5,360605,ISO8_PINK
60606,6,2500,6,8800000,7,0,5,360606,gearup_kit_01
60607,6,2500,6,8800000,9,0,5,360607,icon_multi_reward_nornstone
60608,6,2500,6,8800000,12,0,5,360608,ISO8_PINK
60609,6,2500,6,8800000,15,0,5,360609,icon_multi_reward_biometrics
60610,6,2500,6,8800000,17,0,5,360610,icon_multi_reward_uru
60611,6,2500,6,8800000,20,0,5,360611,chest_multi_reward_4
60701,6,2500,7,13300000,0,1,5,360701,chest_multi_reward_shield
60702,6,2500,7,13300000,0,0,5,360702,chest_multi_reward_5
60703,6,2500,7,13300000,1,0,5,360703,gold
60704,6,2500,7,13300000,3,0,5,360704,gearup_kit_02
60705,6,2500,7,13300000,5,0,5,360705,ISO8_PINK
60706,6,2500,7,13300000,7,0,5,360706,gearup_kit_01
60707,6,2500,7,13300000,9,0,5,360707,icon_multi_reward_nornstone
60708,6,2500,7,13300000,12,0,5,360708,ISO8_PINK
60709,6,2500,7,13300000,15,0,5,360709,icon_multi_reward_biometrics
60710,6,2500,7,13300000,17,0,5,360710,icon_multi_reward_uru
60711,6,2500,7,13300000,20,0,5,360711,chest_multi_reward_5
60801,6,2500,8,20300000,0,1,5,360801,chest_multi_reward_shield
60802,6,2500,8,20300000,0,0,5,360802,chest_multi_reward_6
60803,6,2500,8,20300000,1,0,5,360803,gold
60804,6,2500,8,20300000,3,0,5,360804,gearup_kit_02
60805,6,2500,8,20300000,5,0,5,360805,ISO8_PINK
60806,6,2500,8,20300000,7,0,5,360806,gearup_kit_01
60807,6,2500,8,20300000,9,0,5,360807,icon_multi_reward_nornstone
60808,6,2500,8,20300000,12,0,5,360808,ISO8_PINK
60809,6,2500,8,20300000,15,0,5,360809,icon_multi_reward_biometrics
60810,6,2500,8,20300000,17,0,5,360810,icon_multi_reward_uru
60811,6,2500,8,20300000,20,0,5,360811,chest_multi_reward_6
70101,7,3000,1,0,0,1,5,370101,chest_multi_reward_shield
70102,7,3000,1,0,0,0,5,370102,chest_multi_reward_1
70103,7,3000,1,0,1,0,5,370103,gold
70104,7,3000,1,0,3,0,5,370104,gearup_kit_02
70105,7,3000,1,0,5,0,5,370105,ISO8_PINK
70106,7,3000,1,0,7,0,5,370106,gearup_kit_01
70107,7,3000,1,0,9,0,5,370107,icon_multi_reward_nornstone
70108,7,3000,1,0,12,0,5,370108,ISO8_PINK
70109,7,3000,1,0,15,0,5,370109,icon_multi_reward_biometrics
70110,7,3000,1,0,17,0,5,370110,icon_multi_reward_uru
70111,7,3000,1,0,20,0,5,370111,chest_multi_reward_1
70201,7,3000,2,500000,0,1,5,370201,chest_multi_reward_shield
70202,7,3000,2,500000,0,0,5,370202,chest_multi_reward_1
70203,7,3000,2,500000,1,0,5,370203,gold
70204,7,3000,2,500000,3,0,5,370204,gearup_kit_02
70205,7,3000,2,500000,5,0,5,370205,ISO8_PINK
70206,7,3000,2,500000,7,0,5,370206,gearup_kit_01
70207,7,3000,2,500000,9,0,5,370207,icon_multi_reward_nornstone
70208,7,3000,2,500000,12,0,5,370208,ISO8_PINK
70209,7,3000,2,500000,15,0,5,370209,icon_multi_reward_biometrics
70210,7,3000,2,500000,17,0,5,370210,icon_multi_reward_uru
70211,7,3000,2,500000,20,0,5,370211,chest_multi_reward_1
70301,7,3000,3,1500000,0,1,5,370301,chest_multi_reward_shield
70302,7,3000,3,1500000,0,0,5,370302,chest_multi_reward_1
70303,7,3000,3,1500000,1,0,5,370303,gold
70304,7,3000,3,1500000,3,0,5,370304,gearup_kit_02
70305,7,3000,3,1500000,5,0,5,370305,ISO8_PINK
70306,7,3000,3,1500000,7,0,5,370306,gearup_kit_01
70307,7,3000,3,1500000,9,0,5,370307,icon_multi_reward_nornstone
70308,7,3000,3,1500000,12,0,5,370308,ISO8_PINK
70309,7,3000,3,1500000,15,0,5,370309,icon_multi_reward_biometrics
70310,7,3000,3,1500000,17,0,5,370310,icon_multi_reward_uru
70311,7,3000,3,1500000,20,0,5,370311,chest_multi_reward_1
70401,7,3000,4,3200000,0,1,5,370401,chest_multi_reward_shield
70402,7,3000,4,3200000,0,0,5,370402,chest_multi_reward_2
70403,7,3000,4,3200000,1,0,5,370403,gold
70404,7,3000,4,3200000,3,0,5,370404,gearup_kit_02
70405,7,3000,4,3200000,5,0,5,370405,ISO8_PINK
70406,7,3000,4,3200000,7,0,5,370406,gearup_kit_01
70407,7,3000,4,3200000,9,0,5,370407,icon_multi_reward_nornstone
70408,7,3000,4,3200000,12,0,5,370408,ISO8_PINK
70409,7,3000,4,3200000,15,0,5,370409,icon_multi_reward_biometrics
70410,7,3000,4,3200000,17,0,5,370410,icon_multi_reward_uru
70411,7,3000,4,3200000,20,0,5,370411,chest_multi_reward_2
70501,7,3000,5,5600000,0,1,5,370501,chest_multi_reward_shield
70502,7,3000,5,5600000,0,0,5,370502,chest_multi_reward_3
70503,7,3000,5,5600000,1,0,5,370503,gold
70504,7,3000,5,5600000,3,0,5,370504,gearup_kit_02
70505,7,3000,5,5600000,5,0,5,370505,ISO8_PINK
70506,7,3000,5,5600000,7,0,5,370506,gearup_kit_01
70507,7,3000,5,5600000,9,0,5,370507,icon_multi_reward_nornstone
70508,7,3000,5,5600000,12,0,5,370508,ISO8_PINK
70509,7,3000,5,5600000,15,0,5,370509,icon_multi_reward_biometrics
70510,7,3000,5,5600000,17,0,5,370510,icon_multi_reward_uru
70511,7,3000,5,5600000,20,0,5,370511,chest_multi_reward_3
70601,7,3000,6,8800000,0,1,5,370601,chest_multi_reward_shield
70602,7,3000,6,8800000,0,0,5,370602,chest_multi_reward_4
70603,7,3000,6,8800000,1,0,5,370603,gold
70604,7,3000,6,8800000,3,0,5,370604,gearup_kit_02
70605,7,3000,6,8800000,5,0,5,370605,ISO8_PINK
70606,7,3000,6,8800000,7,0,5,370606,gearup_kit_01
70607,7,3000,6,8800000,9,0,5,370607,icon_multi_reward_nornstone
70608,7,3000,6,8800000,12,0,5,370608,ISO8_PINK
70609,7,3000,6,8800000,15,0,5,370609,icon_multi_reward_biometrics
70610,7,3000,6,8800000,17,0,5,370610,icon_multi_reward_uru
70611,7,3000,6,8800000,20,0,5,370611,chest_multi_reward_4
70701,7,3000,7,13300000,0,1,5,370701,chest_multi_reward_shield
70702,7,3000,7,13300000,0,0,5,370702,chest_multi_reward_5
70703,7,3000,7,13300000,1,0,5,370703,gold
70704,7,3000,7,13300000,3,0,5,370704,gearup_kit_02
70705,7,3000,7,13300000,5,0,5,370705,ISO8_PINK
70706,7,3000,7,13300000,7,0,5,370706,gearup_kit_01
70707,7,3000,7,13300000,9,0,5,370707,icon_multi_reward_nornstone
70708,7,3000,7,13300000,12,0,5,370708,ISO8_PINK
70709,7,3000,7,13300000,15,0,5,370709,icon_multi_reward_biometrics
70710,7,3000,7,13300000,17,0,5,370710,icon_multi_reward_uru
70711,7,3000,7,13300000,20,0,5,370711,chest_multi_reward_5
70801,7,3000,8,20300000,0,1,5,370801,chest_multi_reward_shield
70802,7,3000,8,20300000,0,0,5,370802,chest_multi_reward_6
70803,7,3000,8,20300000,1,0,5,370803,gold
70804,7,3000,8,20300000,3,0,5,370804,gearup_kit_02
70805,7,3000,8,20300000,5,0,5,370805,ISO8_PINK
70806,7,3000,8,20300000,7,0,5,370806,gearup_kit_01
70807,7,3000,8,20300000,9,0,5,370807,icon_multi_reward_nornstone
70808,7,3000,8,20300000,12,0,5,370808,ISO8_PINK
70809,7,3000,8,20300000,15,0,5,370809,icon_multi_reward_biometrics
70810,7,3000,8,20300000,17,0,5,370810,icon_multi_reward_uru
70811,7,3000,8,20300000,20,0,5,370811,chest_multi_reward_6
80101,8,3500,1,0,0,1,5,380101,chest_multi_reward_shield
80102,8,3500,1,0,0,0,5,380102,chest_multi_reward_1
80103,8,3500,1,0,1,0,5,380103,gold
80104,8,3500,1,0,3,0,5,380104,gearup_kit_02
80105,8,3500,1,0,5,0,5,380105,ISO8_PINK
80106,8,3500,1,0,7,0,5,380106,gearup_kit_01
80107,8,3500,1,0,9,0,5,380107,icon_multi_reward_nornstone
80108,8,3500,1,0,12,0,5,380108,ISO8_PINK
80109,8,3500,1,0,15,0,5,380109,icon_multi_reward_biometrics
80110,8,3500,1,0,17,0,5,380110,icon_multi_reward_uru
80111,8,3500,1,0,20,0,5,380111,chest_multi_reward_1
80201,8,3500,2,500000,0,1,5,380201,chest_multi_reward_shield
80202,8,3500,2,500000,0,0,5,380202,chest_multi_reward_1
80203,8,3500,2,500000,1,0,5,380203,gold
80204,8,3500,2,500000,3,0,5,380204,gearup_kit_02
80205,8,3500,2,500000,5,0,5,380205,ISO8_PINK
80206,8,3500,2,500000,7,0,5,380206,gearup_kit_01
80207,8,3500,2,500000,9,0,5,380207,icon_multi_reward_nornstone
80208,8,3500,2,500000,12,0,5,380208,ISO8_PINK
80209,8,3500,2,500000,15,0,5,380209,icon_multi_reward_biometrics
80210,8,3500,2,500000,17,0,5,380210,icon_multi_reward_uru
80211,8,3500,2,500000,20,0,5,380211,chest_multi_reward_1
80301,8,3500,3,1500000,0,1,5,380301,chest_multi_reward_shield
80302,8,3500,3,1500000,0,0,5,380302,chest_multi_reward_1
80303,8,3500,3,1500000,1,0,5,380303,gold
80304,8,3500,3,1500000,3,0,5,380304,gearup_kit_02
80305,8,3500,3,1500000,5,0,5,380305,ISO8_PINK
80306,8,3500,3,1500000,7,0,5,380306,gearup_kit_01
80307,8,3500,3,1500000,9,0,5,380307,icon_multi_reward_nornstone
80308,8,3500,3,1500000,12,0,5,380308,ISO8_PINK
80309,8,3500,3,1500000,15,0,5,380309,icon_multi_reward_biometrics
80310,8,3500,3,1500000,17,0,5,380310,icon_multi_reward_uru
80311,8,3500,3,1500000,20,0,5,380311,chest_multi_reward_1
80401,8,3500,4,3200000,0,1,5,380401,chest_multi_reward_shield
80402,8,3500,4,3200000,0,0,5,380402,chest_multi_reward_2
80403,8,3500,4,3200000,1,0,5,380403,gold
80404,8,3500,4,3200000,3,0,5,380404,gearup_kit_02
80405,8,3500,4,3200000,5,0,5,380405,ISO8_PINK
80406,8,3500,4,3200000,7,0,5,380406,gearup_kit_01
80407,8,3500,4,3200000,9,0,5,380407,icon_multi_reward_nornstone
80408,8,3500,4,3200000,12,0,5,380408,ISO8_PINK
80409,8,3500,4,3200000,15,0,5,380409,icon_multi_reward_biometrics
80410,8,3500,4,3200000,17,0,5,380410,icon_multi_reward_uru
80411,8,3500,4,3200000,20,0,5,380411,chest_multi_reward_2
80501,8,3500,5,5600000,0,1,5,380501,chest_multi_reward_shield
80502,8,3500,5,5600000,0,0,5,380502,chest_multi_reward_3
80503,8,3500,5,5600000,1,0,5,380503,gold
80504,8,3500,5,5600000,3,0,5,380504,gearup_kit_02
80505,8,3500,5,5600000,5,0,5,380505,ISO8_PINK
80506,8,3500,5,5600000,7,0,5,380506,gearup_kit_01
80507,8,3500,5,5600000,9,0,5,380507,icon_multi_reward_nornstone
80508,8,3500,5,5600000,12,0,5,380508,ISO8_PINK
80509,8,3500,5,5600000,15,0,5,380509,icon_multi_reward_biometrics
80510,8,3500,5,5600000,17,0,5,380510,icon_multi_reward_uru
80511,8,3500,5,5600000,20,0,5,380511,chest_multi_reward_3
80601,8,3500,6,8800000,0,1,5,380601,chest_multi_reward_shield
80602,8,3500,6,8800000,0,0,5,380602,chest_multi_reward_4
80603,8,3500,6,8800000,1,0,5,380603,gold
80604,8,3500,6,8800000,3,0,5,380604,gearup_kit_02
80605,8,3500,6,8800000,5,0,5,380605,ISO8_PINK
80606,8,3500,6,8800000,7,0,5,380606,gearup_kit_01
80607,8,3500,6,8800000,9,0,5,380607,icon_multi_reward_nornstone
80608,8,3500,6,8800000,12,0,5,380608,ISO8_PINK
80609,8,3500,6,8800000,15,0,5,380609,icon_multi_reward_biometrics
80610,8,3500,6,8800000,17,0,5,380610,icon_multi_reward_uru
80611,8,3500,6,8800000,20,0,5,380611,chest_multi_reward_4
80701,8,3500,7,13300000,0,1,5,380701,chest_multi_reward_shield
80702,8,3500,7,13300000,0,0,5,380702,chest_multi_reward_5
80703,8,3500,7,13300000,1,0,5,380703,gold
80704,8,3500,7,13300000,3,0,5,380704,gearup_kit_02
80705,8,3500,7,13300000,5,0,5,380705,ISO8_PINK
80706,8,3500,7,13300000,7,0,5,380706,gearup_kit_01
80707,8,3500,7,13300000,9,0,5,380707,icon_multi_reward_nornstone
80708,8,3500,7,13300000,12,0,5,380708,ISO8_PINK
80709,8,3500,7,13300000,15,0,5,380709,icon_multi_reward_biometrics
80710,8,3500,7,13300000,17,0,5,380710,icon_multi_reward_uru
80711,8,3500,7,13300000,20,0,5,380711,chest_multi_reward_5
80801,8,3500,8,20300000,0,1,5,380801,chest_multi_reward_shield
80802,8,3500,8,20300000,0,0,5,380802,chest_multi_reward_6
80803,8,3500,8,20300000,1,0,5,380803,gold
80804,8,3500,8,20300000,3,0,5,380804,gearup_kit_02
80805,8,3500,8,20300000,5,0,5,380805,ISO8_PINK
80806,8,3500,8,20300000,7,0,5,380806,gearup_kit_01
80807,8,3500,8,20300000,9,0,5,380807,icon_multi_reward_nornstone
80808,8,3500,8,20300000,12,0,5,380808,ISO8_PINK
80809,8,3500,8,20300000,15,0,5,380809,icon_multi_reward_biometrics
80810,8,3500,8,20300000,17,0,5,380810,icon_multi_reward_uru
80811,8,3500,8,20300000,20,0,5,380811,chest_multi_reward_6
